,name,latitude,longitude,rating,number of reviews,affluence
0,amontron,23.8074103,90.3684121,5.0,3.0,
1,Bay Leaf Restaurant,23.8098891,90.3675571,3.7,950.0,$$
2,VIP's Restaurant & Party Center,23.8024213,90.35328779999999,3.7,426.0,$$
3,Kathbadam Restaurant,23.8057704,90.36531719999999,3.7,861.0,$$
4,Green Mango Restaurant,23.805184,90.36115319999999,3.8,220.0,$$
5,‡¶∂‡¶π‡ßÅ‡¶∞‡ßá ‡¶π‡¶æ‡¶ü ‡ß®‡ßü ‡¶∂‡¶æ‡¶ñ‡¶æ ‡¶Æ‡¶ø‡¶∞‡¶™‡ßÅ‡¶∞ ‡ßß‡ß®,23.8051145,90.3610136,3.7,372.0,$$
6,Howzatt Food And Cafe,23.8079404,90.3617361,4.1,580.0,$$
7,Cafe Dastarkhana,23.8100811,90.364886,4.2,2274.0,$$
8,Agri Kitchen,23.803125,90.3579844,4.0,295.0,$$
9,7 Heaven Restaurant,23.7986586,90.3644085,3.6,422.0,$$
10,Hot Burger,23.8101606,90.36842449999999,4.1,65.0,$$
11,Live...Burger,23.8101692,90.3684742,4.4,14.0,
12,Yellows' Kitchen,23.7972324,90.3651482,3.9,798.0,$$
13,Piyang King Restaurant,23.8065146,90.3720975,3.9,280.0,$$
14,Spicy Treat,23.7971608,90.3651783,4.3,50.0,
15,Xinxian Restaurant- Mirpur 10,23.812559,90.3668544,4.0,2476.0,$$$
16,PERI PASTA,23.803441,90.3547506,4.0,1847.0,$$
17,Astha food,23.8128322,90.36720269999999,3.9,102.0,
18,KFC,23.8004059,90.3556354,4.1,1450.0,$$
19,Pizza Inn,23.8003709,90.35558449999999,4.1,2384.0,$$$
20,City Mahal Chinese Restaurant And Convention Center Ltd.,23.7996973,90.3556998,3.7,1525.0,$$
21,Supreme Diners,23.80104,90.35427659999999,3.9,1290.0,$$
22,Sub Station Restaurant,23.8060303,90.3520181,4.0,108.0,
23,Paradise Food Products Ltd.,23.7986485,90.35380479999999,3.5,4.0,
24,"Grand Prince Thai & Chinese Restaurant, Dhaka.",23.7986938,90.353725,3.9,1212.0,$$
25,KKFC,23.8138322,90.3561682,3.8,144.0,
26,Sky Shop BD,23.7988994,90.3532316,4.2,18.0,
27,Thakana Bahamukhi Samabay Samity Ltd.,23.8052647,90.37634349999999,2.5,2.0,
28,Burger Khor,23.7994527,90.3521074,4.1,161.0,$$
29,Senator Restaurants,23.8156375,90.37119299999999,4.2,10.0,
30,VOOTER BARI,23.81817,90.365804,4.0,711.0,$$
31,SOHEL TELECOM,23.818245,90.36726449999999,2.3,7.0,
32,Six Season Chinese Restaurant,23.817097,90.35609679999999,4.0,956.0,$$
33,American Burger Mirpur,23.8192162,90.3655036,4.0,519.0,$$
34,Goonjon Bangla Cafe,23.8204655,90.3652281,3.8,113.0,$$
35,Iktena,23.7896962,90.3664747,4.0,104.0,
36,Sonia Restaurant,23.7921543,90.3735847,3.6,56.0,$
37,Chef Restaurant,23.79268069999999,90.3745111,3.6,557.0,$$
38,Yummy Yummy,23.7929225,90.3748414,3.6,706.0,$$
39,Mr. Cooker's,23.7924562,90.37469039999999,4.0,80.0,
40,Grand Moharaj,23.7925985,90.37506929999999,4.0,646.0,$$
41,Al Amin Kebab Ghar,23.7923047,90.3747382,3.0,5.0,
42,Handi House Restaurant,23.7879467,90.36573020000002,3.8,318.0,
43,3 Kitchens,23.8215587,90.357078,3.7,220.0,$$
44,Persian Kabab,23.805191,90.36347099999999,3.7,55.0,
45,Kapital Kitchen,23.8047391,90.36359619999999,5.0,1.0,
46,Chicken Valley,23.8047318,90.36358779999999,2.0,6.0,
47,Shawarma & Kabab House,23.8047287,90.36357609999999,4.0,1.0,
48,Takein,23.8047189,90.36359350000001,4.0,6.0,
49,‡¶™‡ßÇ‡¶∞‡ßç‡¶£‡¶ø‡¶Æ‡¶æ ‡¶∞‡ßá‡¶∏‡ßç‡¶§‡ßã‡¶∞‡¶æ‡¶Å,23.805133,90.3631959,3.8,4248.0,$$
50,Pizza Patron,23.8051058,90.3631374,4.4,9.0,
51,Kaji Biriani,23.8045696,90.3634532,4.0,1.0,
52,Hello Sir,23.8050865,90.36309440000001,3.8,12.0,
53,Pastry Trade,23.8050673,90.3630816,5.0,1.0,
54,Parcian Fast Food Corner,23.8054514,90.36355429999999,3.6,10.0,
55,‡¶è‡¶á ‡¶Ø‡ßá ‡¶ú‡¶®‡¶æ‡¶¨,23.8050756,90.3630664,4.0,13.0,
56,Five star hotel,23.8049343,90.3628975,,,
57,Asif,23.8049343,90.3628975,,,
58,Hoque First Food,23.8045803,90.3630316,4.5,2.0,
59,Kasmiri Biriyani House-2,23.804342,90.3636916,4.0,2.0,
60,Four Seasons Restaurant,23.7514996,90.3680918,4.1,3179.0,$$
61,‡¶Ö‡¶∑‡ßç‡¶ü ‡¶¨‡ßç‡¶Ø‡¶û‡ßç‡¶ú‡¶® ‡¶∞‡ßá‡¶∏‡ßç‡¶ü‡ßÅ‡¶∞‡ßá‡¶®‡ßç‡¶ü,23.7370913,90.389831,3.9,1178.0,$$
62,Baburchi Restaurant,23.7401676,90.3748585,3.6,510.0,$$
63,Chilis,23.7520523,90.37741849999999,4.1,1699.0,$$
64,California Fried Chicken and Pastry Shop(CFC),23.7563375,90.37475599999999,4.1,604.0,$$
65,Red Tomato Restaurant,23.75300949999999,90.3692762,3.8,716.0,$$
66,FFC Dhanmondi,23.7442963,90.3823757,3.6,462.0,
67,Shad Tehari Ghar,23.7552688,90.37213129999999,4.0,1517.0,$$
68,La Bamba,23.7466158,90.37141489999999,4.1,598.0,$$
69,The Break Express Burgers,23.7472857,90.3718554,,,
70,Flavours Music Cafe,23.744688,90.372086,3.6,853.0,$$$
71,D SMAAK Cafe,23.744683,90.372065,3.8,331.0,$$
72,"Guhaa,The Cave Kitchen",23.7446619,90.3720769,3.7,1452.0,
73,Madchef Dhanmondi,23.7446803,90.3720563,4.2,3333.0,
74,Takeout Dhanmondi,23.7446503,90.3720677,4.3,4566.0,$$
75,TasteBlast,23.7446619,90.3720769,3.6,1514.0,$$
76,BFC (Best Fried Chicken),23.7439394,90.37259670000002,4.2,1303.0,$$
77,Handi,23.7459047,90.3712908,4.1,3901.0,$$
78,The Lamp Cafe,23.7459391,90.3712371,4.1,15.0,
79,Hangout Restaurant,23.7459584,90.3712285,3.9,859.0,$$
80,The Dark Music Cafe And Restaurant,23.7460195,90.3711762,3.7,1743.0,$$
81,KFC Restaurant,23.7434407,90.3734849,4.0,5059.0,$$
82,Cilantro,23.7465029,90.37067069999999,4.1,1517.0,$$
83,Cafe Droom,23.7478397,90.37085189999999,3.9,1132.0,$$
84,Pizza Hut,23.7473856,90.3702564,4.3,6539.0,$$
85,Fortuna Fried Chicken,23.7418685,90.37384229999999,3.7,12.0,
86,CP Five Star - Sahabi Food,23.7439439,90.3696689,4.0,107.0,
87,Paprika Restaurant,23.7404674,90.3747116,4.1,783.0,$$
88,Food 'n' more,23.7489583,90.3686637,4.3,22.0,
89,Chillox Dhanmondi,23.74015799999999,90.3748599,4.3,7261.0,$$
90,A & W,23.749991,90.3691008,4.0,1284.0,
91,Chicken Street,23.7504976,90.37888009999999,4.3,52.0,
92,Biye Bari Restaurant,23.7497393,90.3686747,3.8,1636.0,$$
93,"Pinewood Cafe+Kitchen, Dhanmondi-12",23.7523232,90.37541089999999,4.2,3245.0,$$
94,bbq Bangladesh,23.7498091,90.3686446,4.2,1762.0,$$
95,Chunk,23.742195,90.3799208,3.9,1143.0,$$
96,Cafe Euphoria,23.7392874,90.3753768,3.9,2108.0,$$
97,Trump Cafe,23.7392546,90.37540229999999,3.7,1010.0,$$
98,Gamblers Live Kitchen,23.7391965,90.37531779999999,3.8,1514.0,$$
99,Sabroso,23.7526587,90.36971740000001,4.0,1376.0,$$
100,LHF,23.7520013,90.3678408,3.6,67.0,$$
101,Burger Bistro,23.7517542,90.3814007,3.6,19.0,
102,Real Pizza,23.7537667,90.3696282,3.6,25.0,$$
103,Adda Restaurant,23.7417534,90.3824807,4.0,1935.0,$$
104,TBC-Dhanmondi,23.7538848,90.36965,4.0,621.0,$$
105,Sp Masala Spice,23.7422173,90.3828375,3.7,7.0,
106,Bhooter Bari,23.7539119,90.3695587,3.8,1195.0,$$
107,KFC,23.7526325,90.381001,4.0,1343.0,$$
108,UniCafe Restaurant & Fun,23.75271500000001,90.38107199999999,4.1,1370.0,$$
109,CP Five Star,23.7553612,90.3768527,3.8,38.0,
110,Beijing Kitchen Restaurant,23.7455328,90.38494899999999,3.0,3.0,
111,‡¶á‡¶â‡¶∞‡ßã ‡¶π‡¶æ‡¶ü,23.7560348,90.37509089999999,4.1,103.0,
112,Sausly's Foods,23.7528866,90.3821899,3.9,135.0,
113,Araaz Restaurant & Banquet,23.7562172,90.3750786,3.9,706.0,$$
114,The Food Chain,23.7574934,90.3744084,,,
115,"Terra Bistro, Banani",23.7558075,90.36679939999999,3.8,71.0,
116,Food Lover,23.7582862,90.3735835,4.3,11.0,
117,Yumm TatsteTic,23.7516661,90.3865919,4.3,108.0,$
118,Parban Restaurant,23.7335631,90.38145840000001,3.6,116.0,$$
119,Hot Chilli Fried Chicken,23.7550801,90.3605331,3.7,51.0,
120,Hotel Sarina Dhaka,23.7932655,90.4043303,4.3,3007.0,
121,Boomers Cafe,23.7937058,90.4044627,4.1,1721.0,$$
122,Hotel De Crystal Crown,23.7815354,90.4140889,3.9,395.0,
123,Purnima Restaurant,23.7808142,90.4168854,3.7,1171.0,$$
124,Tasty Tibet - CSD,23.8024493,90.39592189999999,4.3,77.0,$$
125,Bluemoon Recreation Club,23.790506,90.40775780000001,4.2,1456.0,$$
126,Street 11,23.7901611,90.4081571,3.8,665.0,$$
127,Pan Tao Thai Cuisine,23.7920687,90.4080063,4.0,642.0,
128,BG Sauslys Private Limited,23.7907174,90.4043913,3.7,72.0,
129,Pappa Roti,23.7937192,90.4051829,4.3,36.0,
130,California Fried Chicken & Pastry Shop,23.7985447,90.4122565,4.0,457.0,$$
131,Taj Mahal Tandoori & Kabab,23.793446,90.4066443,4.0,276.0,
132,Salimar Garden Restora,23.7927728,90.4056059,3.9,620.0,$$
133,"Argeela, Dhaka.",23.79105569999999,90.4060774,3.8,230.0,
134,BG Sauslys Private Limited,23.7922167,90.41517089999999,4.3,170.0,
135,Cafe Number One,23.7934062,90.40669210000001,3.5,8.0,
136,Maple Leaf Restaurant,23.7934126,90.4074624,4.0,72.0,
137,Bukhara Restaurant,23.7935901,90.4056861,4.2,712.0,
138,Takeout Banani,23.7931073,90.40574869999999,4.4,5433.0,$$
139,Barcode Cafe,23.7945957,90.4059036,4.3,3786.0,$$
140,Le Halwa,23.7926595,90.4075297,2.0,1.0,
141,Taste of Lanka,23.79283419999999,90.4083479,4.2,249.0,$$$
142,The Pit Grill,23.7931676,90.40873719999999,4.2,955.0,$$$
143,Nordic Hotels Ltd.,23.7931225,90.4042656,4.0,585.0,
144,Rice & Noodle,23.7918043,90.4081581,3.9,308.0,$$
145,Sandwiched,23.7913895,90.4077447,4.7,3.0,
146,Tree House,23.7913392,90.4077514,4.2,2282.0,$$
147,Northern Cafe,23.79345079999999,90.4037176,4.0,330.0,
148,Lunch box Dhaka,23.7935079,90.4036081,3.5,17.0,
149,Time Out,23.79228310000001,90.4092599,4.2,1970.0,$$
150,Ice Age,23.7906551,90.4069347,3.9,101.0,$$
151,Tingama,23.79086839999999,90.40483510000001,4.1,61.0,
152,Tarka,23.7903658,90.4066313,4.0,1785.0,$$
153,Guitar Strings,23.790465,90.4078145,4.1,352.0,$$
154,Sajna Restaurant,23.7902795,90.4069719,4.1,1825.0,$$
155,Foodaholic,23.7904231,90.4077423,4.2,9.0,
156,Cafe Cyrus,23.7910929,90.4041123,3.9,13.0,
157,Alfresco,23.7910554,90.40412169999999,4.2,2676.0,$$
158,De La Mer,23.7904694,90.4081889,4.2,27.0,
159,The Upstaires Lounge & Bistro,23.7903888,90.4080566,3.8,4.0,
160,Yum Cha District,23.7901743,90.40805329999999,4.5,2814.0,$$
161,Ginza,23.7901575,90.4080867,4.3,1763.0,$$
162,Dhaka Cafe,23.7901332,90.40821070000001,4.0,261.0,
163,Asian Bistro,23.7910895,90.40339689999999,3.8,33.0,
164,Shanghai10,23.7911288,90.40318359999999,4.2,94.0,
165,Sushi Samurai,23.7910772,90.40316039999999,4.1,878.0,$$$
166,Woodhouse Grill,23.7908477,90.40314269999999,4.5,4132.0,$$$
167,"Madchef Banani, Dhaka.",23.79005829999999,90.4091275,4.3,2969.0,$$
168,Umai,23.796943,90.4105417,4.2,527.0,$$$
169,Goong The Castle,23.7972916,90.41044500000001,4.4,537.0,$$$
170,Pizza Hut,23.7913006,90.40174859999999,4.2,1313.0,$$
171,Foodbook,23.7900492,90.41119259999999,3.8,556.0,$$
172,Samdado Japanese Cuisine,23.7922583,90.413099,4.3,433.0,
173,The Great Kabab Factory,23.7948276,90.4132151,4.4,1365.0,$$$
174,Oro,23.7959676,90.4132913,4.4,655.0,
175,Sauslys Foods,23.794526,90.4148257,4.1,25.0,
176,Meraki,23.8005496,90.4120871,3.9,374.0,$$$
177,ITICA-International Training Institute of Culinary Arts,23.7871704,90.4004677,4.7,15.0,
178,Handi,23.789392,90.4161025,4.0,2722.0,$$
179,hotel Aristocrat in restaurent,23.8031317,90.40911009999999,3.8,9.0,
180,Moshrafia Restaurant,24.8902721,91.8735122,3.5,121.0,
181,Royal Chef Restaurant & Party Center,24.8954829,91.8623305,3.8,491.0,
182,Spicy Restaurant & Party Center,24.8956471,91.8681737,4.0,987.0,$$$
183,Woondaal King Kabab,24.8952252,91.8708695,4.1,2281.0,
184,Demon's Cave,24.8954439,91.8721869,3.6,773.0,
185,Porshi restaurant,24.8920551,91.87268209999999,3.8,395.0,$$
186,Panshi Inn,24.895586,91.874443,4.0,1399.0,
187,La Vista Hotel‚Ñ¢ | The Boutique Hotel,24.8942737,91.86062319999999,4.2,137.0,
188,Food Garden Restaurant,24.8848394,91.88041349999999,3.9,16.0,
189,Silver Shine Deluxe Hotel,24.8950489,91.8758132,3.7,69.0,
190,Chick Chicken,24.9091577,91.85665709999999,3.7,374.0,$$
191,‡¶∂‡¶ø‡¶∞‡ßÄ‡¶®,24.8949294,91.8687063,,,
192,Akon,24.8949294,91.8687063,,,
193,Bookmobile,24.8949294,91.8687063,,,
194,business man,24.8949294,91.8687063,,,
195,Hassan Restaurant,24.8949294,91.8687063,5.0,1.0,
196,Location maker,24.8949294,91.8687063,,,
197,Milton,24.8949294,91.8687063,,,
198,Time for Fuchka,24.8949294,91.8687063,4.5,11.0,
199,CAFE SARAA,24.8949294,91.8687063,,,
200,Sajan,24.8949294,91.8687063,,,
201,Pitah gohr,24.8949294,91.8687063,,,
202,NN,24.8949294,91.8687063,,,
203,Ahad's Kitchen,24.8949294,91.8687063,,,
204,Farhana's Kitchen,24.8949294,91.8687063,,,
205,Rubel Munna,24.8949294,91.8687063,,,
206,Habib,24.8949294,91.8687063,,,
207,ABDUL MOUDUD HIRON,24.8949294,91.8687063,,,
208,opu,24.8949294,91.8687063,,,
209,‡¶∂‡¶æ‡¶§ ‡¶∞‡¶ô‡ßá‡¶∞ ‡¶ö‡¶æ,24.8949294,91.8687063,,,
210,Nightteer1.com,24.8949294,91.8687063,4.4,21.0,
211,‡¶∏‡¶æ‡¶®‡¶∞‡¶æ‡¶á‡¶ú ‡¶∏‡ßá‡¶®‡ßç‡¶ü‡¶æ‡¶∞,24.8949294,91.8687063,5.0,2.0,
212,Zoya,24.8949294,91.8687063,,,
213,‡¶Æ‡ßã‡¶É ‡¶∏‡¶æ‡¶Æ‡¶ø‡¶Æ,24.8949294,91.8687063,,,
214,milon ahmed,24.8947992,91.8688573,,,
215,Sylheti Spice,24.8949137,91.86844169999999,5.0,1.0,
216,Fast&Fresh,24.8949051,91.8684354,5.0,2.0,
217,SEAZAA,24.8948031,91.8690414,5.0,1.0,
218,‡¶ú‡ßÅ‡¶¨‡¶æ‡ßü‡ßá‡¶∞ ‡¶ñ‡¶ø‡¶ö‡ßÅ‡ßú‡¶ø ‡¶π‡¶æ‡¶â‡¶ú,24.8948031,91.8690414,,,
219,Stacks O'snacks,24.8952698,91.8687611,4.0,5.0,
220,food world coffee shop,24.8945006,91.8687024,,,
221,Flavours Castle,24.8950121,91.868186,3.8,155.0,$$
222,Tandoori House,24.8953977,91.868443,3.8,189.0,
223,Appetite,24.8954533,91.8688023,,,
224,New Dhanshiri Restaurant,24.8944309,91.8690182,3.6,10.0,
225,Onik,24.8944802,91.8691094,,,
226,Ice Land,24.8954953,91.8687942,3.3,74.0,$$
227,Liberty Food Corner,24.8955014,91.86867889999999,5.0,1.0,
228,The Steak Blast,24.8954832,91.86887139999999,4.4,26.0,
229,Royel Biriyani Resturent,24.89552639999999,91.8685485,,,
230,Fuchka Bari,24.8943352,91.8684732,,,
231,What the ‡¶´‡ßÅ‡¶ö‡¶ï‡¶æ,24.8949315,91.86942959999999,3.9,171.0,
232,Shawarma House,24.8948369,91.8679871,3.7,265.0,$$
233,Mess,24.8954146,91.8682065,,,
234,Sylhet Customs Samity Canteen & Restuarant,24.8955933,91.8686773,5.0,2.0,
235,‡¶™‡¶æ‡¶®‡ßç‡¶•‡¶∂‡¶æ‡¶≤‡¶æ ‡¶∞‡ßá‡¶∏‡ßç‡¶ü‡ßÅ‡¶∞‡ßá‡¶®‡ßç‡¶ü panthoshala restaurant,24.8955072,91.8690755,5.0,4.0,
236,Chiangmai Restaurant,24.895506,91.8683004,3.6,80.0,
237,Ishtikutum Chinese Restaurant,24.8953796,91.86810899999999,3.8,228.0,$$
238,‡¶™‡¶æ‡¶≤‡¶ï‡¶ø ‡¶∞‡ßá‡¶∑‡ßç‡¶ü‡ßÅ‡¶∞‡ßá‡¶®‡ßç‡¶ü,24.8949827,91.8695042,4.0,17.0,
239,Fiza,24.894985,91.8695225,4.1,14.0,
243,Fulkoli,24.9112106,91.8546768,3.9,146.0,
247,Islamia Restaurant,24.8996654,91.8547593,5.0,1.0,
248,Family Hut+ flexiload,24.8999294,91.8553731,5.0,1.0,
249,New Appayon Restora,24.8996302,91.854428,,,
250,New Jalsha Restaurant,24.8996112,91.8545228,3.7,3.0,
251,Food Cafe,24.8997185,91.8537461,5.0,1.0,
252,Mujdalifa Restaurant,24.9013598,91.8535381,4.0,1.0,
253,P.S Fast Food Corner,24.8995893,91.8538248,5.0,2.0,
254,Sri Sri Jagannath Vojonaloy,24.8993141,91.8550472,3.6,14.0,
255,Nurani Restaurant,24.8995575,91.853278,3.6,8.0,
256,Lal Miah Restaurant,24.8995969,91.8531769,4.8,5.0,
257,Ujjal Restaurant,24.8995808,91.85316399999999,4.0,11.0,
258,Coffee House,24.8995592,91.85603359999999,4.3,4.0,
259,‡¶®‡¶ø‡¶â ‡¶™‡¶ø‡ßü‡¶æ‡¶∏‡ßÄ ‡¶∞‡ßá‡¶∑‡ßç‡¶ü‡ßÅ‡¶∞‡ßá‡¶®‡ßç‡¶ü,24.89942779999999,91.8526471,,,
260,Kiron Restaurant,24.899559,91.8522418,3.0,5.0,
261,Jomidaar Restaurant,24.899572,91.8521957,3.9,231.0,$
262,Kazifarmskitchen,24.8990829,91.85679239999999,5.0,2.0,
263,Yeasin Restaurant,24.8991978,91.8569126,1.0,1.0,
264,S4U Snacks For You,24.8991941,91.85693479999999,3.1,10.0,
265,AL-MONSUR RESTAURANT,24.8996533,91.85193559999999,3.6,39.0,
266,Al Bahar Restaurant,24.8995328,91.85195809999999,3.3,29.0,
267,Monuluba Restaurent,24.8991609,91.8570834,3.3,24.0,
268,‡¶Æ‡¶æ ‡¶Ü‡¶¨‡¶æ‡¶∏‡¶ø‡¶ï ‡¶π‡ßã‡¶ü‡ßá‡¶≤ ‡¶è‡¶®‡ßç‡¶° ‡¶∞‡ßá‡¶∑‡ßç‡¶ü‡ßÅ‡¶∞‡ßá‡¶®‡ßç‡¶ü,24.8997237,91.85162720000001,1.0,1.0,
269,‡¶π‡¶ø‡¶∞‡¶æ‡¶Æ‡¶® ‡¶∞‡ßá‡¶∑‡ßç‡¶ü‡ßÅ‡¶∞‡ßá‡¶®‡ßç‡¶ü,24.9001544,91.8515091,,,
270,Jom Jom Snacks,24.89913989999999,91.85741159999999,5.0,1.0,
271,Uttar Kajal Shah Fulkoli,24.9003746,91.8512188,4.0,1.0,
272,Rannaghor Cafe & Catering.,24.9013179,91.8584973,3.0,2.0,
273,‡¶∞‡¶ú‡¶¨ ‡¶π‡ßã‡¶ü‡ßá‡¶≤,24.9041457,91.8532544,,,
274,Takdir Restaurant,24.9001067,91.8504909,3.6,9.0,
275,Rashidabad Kitchen,24.8970487,91.857314,5.0,5.0,
276,Shahjalal Snacks Bar (‡¶∏‡ßã‡¶π‡¶æ‡¶ó ‡¶≠‡¶æ‡¶á‡ßü‡ßá‡¶∞ ‡¶ñ‡¶ø‡¶ö‡ßÅ‡¶∞‡¶ø),24.9009331,91.8497057,4.3,6.0,
277,Dulal Restaurant,24.8986026,91.859167,,,
278,Tin Bhai Restaurant,24.89704709999999,91.85790949999999,3.4,11.0,
279,Laskar Villa 09,24.9003312,91.84933649999999,5.0,1.0,
280,Tea stall,24.8959053,91.8531617,,,
281,‡¶´‡¶æ‡¶∞‡¶π‡¶æ‡¶® ‡¶´‡ßç‡¶∞‡¶ø ‡¶Ü‡¶≤‡ßÅ ‡¶ö‡¶™,24.9054089,91.8568341,,,
282,‡¶ú‡¶æ‡¶Æ‡¶æ‡¶® ‡¶∞‡ßá‡¶∏‡ßç‡¶ü‡ßÅ‡¶∞‡ßá‡¶®‡ßç‡¶ü‡ßá ‡¶è‡¶®‡ßç‡¶° ‡¶´‡¶æ‡¶∏‡ßç‡¶ü‡¶´‡ßÅ‡¶°,24.8962942,91.8504375,,,
283,‡¶∏‡ßÅ‡¶´‡¶ø‡ßü‡¶æ ‡¶π‡ßã‡¶ü‡ßá‡¶≤,24.8985669,91.86052529999999,,,
284,‡¶≤‡ßã‡¶ï‡¶®‡¶æ‡¶• ‡¶∞‡ßá‡¶∏‡ßç‡¶ü‡ßÅ‡¶∞‡ßá‡¶®‡ßç‡¶ü ‡¶è‡¶®‡ßç‡¶° ‡¶ñ‡¶ø‡¶ö‡ßÅ‡¶∞‡ßÄ ‡¶π‡¶æ‡¶â‡¶ú,24.8983193,91.8605844,,,
285,‡¶´‡¶æ‡¶∞‡¶ú‡¶æ‡¶®‡¶æ ‡¶∞‡ßá‡¶∏‡ßç‡¶ü‡ßÅ‡¶∞‡ßá‡¶®‡ßç‡¶ü ‡¶è‡¶®‡ßç‡¶° ‡¶≠‡ßá‡¶∞‡¶æ‡¶á‡¶ü‡¶ø‡¶ú ‡¶∑‡ßç‡¶ü‡ßã‡¶∞,24.9038728,91.8491931,,,
286,Lemonade,24.9036753,91.8604592,4.1,26.0,
287,Mayer Dowa Snackbar,24.8986862,91.86122030000001,,,
288,New Meem Ghoruya Restaurant,24.8955315,91.85036509999999,4.0,1.0,
289,‡¶ò‡¶∞ ‡¶ó‡¶ø‡¶®‡ßç‡¶®‡¶ø,24.9047979,91.8490217,5.0,1.0,
290,Mandarin Chinese Garden & Party Center,24.9050106,91.8600566,3.8,272.0,$$
291,Nipa's Kitchen,24.8988223,91.8617695,5.0,1.0,
292,Sufia Juice Coffee & Fast Food,24.8989571,91.8618429,3.0,1.0,
293,Arafat Kawsar Restaurant,24.8950991,91.8502541,1.0,1.0,
294,Mahin Restaurant,24.9040889,91.8480007,5.0,2.0,
295,Sayummy,24.9068339,91.85805490000001,1.5,2.0,
296,Nuri Restaurant,24.8980055,91.8617611,3.2,16.0,
297,Bonoful,24.8983558,91.86191509999999,4.1,9.0,
298,The spicy food,24.8984414,91.8619684,3.9,8.0,
299,Fatema Restaurant,24.8976166,91.8616485,3.7,599.0,$$
300,Holy Fame Restaurant,22.3652523,91.7809284,3.8,501.0,$$
301,Jaks Food (Pvt.) Ltd.,22.3681345,91.7786639,3.7,102.0,$$
302,Nishi,22.356851,91.783182,,,
303,Anik,22.356851,91.7831819,,,
304,Chittagong Satkania,22.356851,91.7831819,,,
305,‡¶Ü‡¶≤‡ßÅ ‡¶™‡ßÅ‡¶∞‡¶ø ‡¶ò‡¶∞,22.356851,91.7831819,,,
306,Hotel chowkmaloncho,22.356851,91.7831819,,,
307,You tube,22.356851,91.7831819,1.0,1.0,
308,Park Kitchen,22.356851,91.7831819,5.0,1.0,
309,Maa Telecom,22.356851,91.7831819,,,
310,taski,22.356851,91.7831819,,,
311,comuter,22.356851,91.7831819,,,
312,GSM BORHAN,22.356851,91.7831819,,,
313,Kutum Bari Dostor Khana,22.356851,91.7831819,,,
314,Yasein vai official,22.356851,91.7831819,,,
315,‡¶∏‡¶æ‡¶ß‡ßá‡¶∞ ‡¶ï‡¶æ‡¶ö‡ßç‡¶ö‡¶ø,22.356851,91.7831819,,,
316,Vivo,22.356851,91.7831819,,,
317,Rava,22.356851,91.7831819,,,
318,MD. Sujan,22.356851,91.7831819,,,
319,‡¶≤‡¶æ‡¶ï‡ßÄ ‡¶ö‡¶ï‡ßç‡¶∞‡¶¨‡¶∞‡ßç‡¶§‡ßç‡¶§‡ßÄ,22.356851,91.7831819,,,
320,computer,22.356851,91.7831819,,,
321,CDA SOLOSHAHAR,22.356851,91.7831819,,,
322,Mustahsin Rashid,22.356851,91.7831819,,,
323,‡¶∏‡ßã‡¶®‡¶æ ‡¶Æ‡¶ø‡ßü‡¶æ‡¶∞ ‡¶¶‡ßã‡¶ï‡¶æ‡¶®,22.356851,91.7831819,2.0,1.0,
324,‡¶Æ‡ßã‡¶π‡¶æ‡¶Æ‡ßç‡¶Æ‡¶¶ ‡¶Ü‡¶®‡ßã‡¶Ø‡¶º‡¶æ‡¶∞ ‡¶π‡ßã‡¶∏‡ßá‡¶®,22.356851,91.7831819,,,
325,Md. Abul Hashem Bhuiyan Road,22.356851,91.7831819,,,
326,Alaoddin nadabade,22.356851,91.7831819,,,
327,Pc Park,22.356851,91.7831819,,,
328,M/ s tahmid enterprise,22.356851,91.7831819,,,
329,‡¶π‡ßã‡¶ü‡ßá‡¶≤ ‡¶Ü‡¶≤ ‡¶´‡ßü‡ßá‡¶ú,22.356851,91.7831819,5.0,1.0,
330,Bangla Foods 2,22.356851,91.7831819,,,
331,S K Shahidul Ctg,22.356851,91.7831819,4.0,1.0,
332,Shahadat Hossein,22.356851,91.7831819,1.0,1.0,
333,‡¶ö‡¶ü‡ßç‡¶ü‡¶ó‡ßç‡¶∞‡¶æ‡¶Æ ‡¶ü‡ßÅ ‡¶π‡¶æ‡¶§‡¶ø‡¶Ø‡¶º‡¶æ ‡¶¶‡ßç‡¶¨‡ßÄ‡¶™ ‡¶Ö‡¶û‡ßç‡¶ö‡¶≤,22.356851,91.7831819,,,
334,Holy Inn lounge and restaurant,22.356851,91.7831819,,,
335,DEAR FOOD,22.356851,91.7831819,,,
336,Mdakash,22.356851,91.7831819,,,
337,sarah restora,22.356851,91.7831819,,,
338,‡¶∞‡¶æ‡¶∏‡ßá‡¶≤ ‡¶∞‡¶æ‡¶ú‡ßÅ ‡¶π‡ßã‡¶ü‡ßá‡¶≤,22.35679559999999,91.7833149,,,
339,‡¶ò‡¶∞‡ßã‡¶Ø‡¶º‡¶æ ‡¶ñ‡¶æ‡¶¨‡¶æ‡¶∞(‡¶≠‡¶æ‡¶§ ‡¶ò‡¶∞),22.3561762,91.78338749999999,5.0,1.0,
340,S.A.ENTERPRISE,22.35756920000001,91.7829951,,,
341,‡¶®‡¶ø‡¶â ‡¶ñ‡¶æ‡¶¨‡¶æ‡¶∞ ‡¶¨‡¶æ‡ßú‡¶ø,22.3561575,91.78379849999999,4.5,2.0,
342,BABIER DOKHAN,22.3564568,91.7842448,,,
343,Sadia's Kitchen,22.3578551,91.7825649,3.8,57.0,
344,Vojonbari restaurant & biriyani house ‡¶≠‡ßã‡¶ú‡¶® ‡¶¨‡¶æ‡¶°‡¶º‡¶ø ‡¶∞‡ßá‡¶∏‡ßç‡¶§‡ßã‡¶∞‡¶æ ‡¶è‡¶®‡ßç‡¶° ‡¶¨‡¶ø‡¶∞‡¶æ‡¶®‡ßÄ ‡¶π‡¶æ‡¶â‡¶∏,22.3578781,91.7825539,3.4,14.0,
345,Gazi store,22.3556552,91.7834048,,,
346,G. J International,22.3580447,91.7836726,,,
347,‡¶Æ‡¶æ‡¶Æ‡ßÅ‡¶® ‡¶¨‡¶ø‡¶∞‡¶æ‡¶®‡ßÄ ‡¶π‡¶æ‡¶â‡¶∏,22.3577574,91.7822233,3.0,2.0,
348,Shah Amanat Fast Foods,22.3580151,91.7825572,,,
349,‡¶¨‡¶ø‡¶∏‡¶Æ‡¶ø‡¶≤‡ßç‡¶≤‡¶æ‡¶π ‡¶≠‡¶æ‡¶§ ‡¶ò‡¶∞ ( Bismillah Bath Gor),22.3582043,91.7830628,4.2,6.0,
350,Nanna Biriyani House,22.3582216,91.78376949999999,3.8,5.0,
351,Amman Fast Food,22.3583661,91.78293269999999,3.4,10.0,
352,New Candy,22.3583649,91.78291399999999,,,
353,Tmkofficials,22.3553737,91.78271029999999,,,
354,Jollibee,22.3580594,91.7821069,2.8,4.0,
355,Alongkar Hotel and Biriyani House,22.35843,91.7831939,3.9,367.0,
356,Al Madina Bhat Ghar O Jhal Bitan,22.3581799,91.78420179999999,,,
357,S.T Cafea,22.3582027,91.7819748,5.0,1.0,
358,Jewel Jhal Bitan,22.3582569,91.7818357,4.7,3.0,
359,Adda Fast Food,22.3583922,91.78189069999999,3.0,2.0,
360,Bonanza,22.3607,91.8214,4.0,396.0,$$
361,The Pavilion,22.3575332,91.821739,4.1,806.0,
362,Muno Cafe Bistro,22.3543603,91.8309238,4.1,1073.0,$$$
363,Handi Restaurant,22.35495419999999,91.82166810000001,4.0,5015.0,$$
364,TMT Daily Needs,22.3557659,91.8226723,3.9,981.0,$$
365,CFC,22.3608466,91.83002390000001,3.5,641.0,$$
366,Impala Chinese and South Indian Restaurant,22.3612643,91.82896679999999,4.0,970.0,$$
367,Crush Cafe,22.3565703,91.83602259999999,4.0,576.0,$$
368,Khana Ghat,22.3568226,91.8365779,3.6,487.0,$$
369,Paradise MINI Chinese,22.3578594,91.8376122,3.7,86.0,
370,Sadia's Kitchen CHK,22.3567323,91.8374292,3.7,2113.0,$$
371,Hunger Killers,22.356671,91.83742339999999,4.2,576.0,$$
372,Errante,22.3646644,91.8249676,4.0,1325.0,$$
373,Cafe Milano,22.3648773,91.8248399,4.1,2627.0,$$
374,Chawk Bhojon Restaurant,22.3575475,91.83916930000001,3.5,14.0,
375,Abul Biriani House,22.3587953,91.82168419999999,3.0,4.0,
376,Bellpepper Restaurant,22.3654045,91.8242586,3.9,879.0,$$
377,Sadia's Kitchen,22.3609892,91.82140629999999,3.8,1714.0,$
378,Pizza Hut,22.3569951,91.82134119999999,4.2,2945.0,$$
379,ZomHuri Cafe,22.366304,91.8245389,4.0,2.0,
380,6Teen Cafe and Bistro,22.366392,91.82451879999999,3.7,72.0,$$
381,Lunch Box,22.3664804,91.824516,3.7,28.0,
382,Bomber & Ginger,22.3664959,91.8244627,3.6,52.0,
383,Face Food Cafe,22.3666153,91.824457,4.1,28.0,
384,Jobbar Hotel And Biriyani House,22.3687928,91.8326099,,,
385,Modina Hotel,22.3691636,91.83304849999999,3.3,15.0,
386,Regalo,22.3507552,91.821534,4.1,426.0,
387,Haldi Arabian House,22.3606451,91.8173941,4.1,868.0,$$
388,Spoon.bd,22.3484782,91.83832,3.6,125.0,$$
389,In&out,22.3458762,91.8344418,3.9,254.0,
390,Rodela Bikel,22.3467333,91.8239084,3.6,523.0,$$
391,Red Chilli,22.3466639,91.8233865,3.7,1377.0,$$
392,‡¶è‡ßç‡¶Ø‡¶æ‡¶™‡¶≤‡¶¨‡ßÄ ‡¶¨‡ßá‡¶ï‡¶∏‡¶™‡ßç,22.3688811,91.844534,4.3,6.0,
393,Desh Kitchen,22.36158799999999,91.8137435,4.1,34.0,$
394,Issy Food,22.3473376,91.8189743,5.0,2.0,
395,Broast Cafe,22.3471217,91.8188285,4.1,1582.0,$$
396,Appetito,22.3471188,91.8188036,4.1,244.0,$$
397,Saffron Restaurant Chittagong,22.3430617,91.8351852,3.9,634.0,$$
398,Westin,22.3614624,91.8126723,4.6,9.0,
399,Sizzle,22.3429709,91.8358085,3.7,136.0,
400,Stre Eat,22.361455,91.8125654,3.8,43.0,
401,Cafe Bonafide,22.3615101,91.8125567,3.8,55.0,$$
402,Tava Restaurant & Lounge,22.3615538,91.8123834,4.1,864.0,$$$
403,Swapnil Restaurant,22.3414495,91.8309367,4.0,184.0,$$
404,‡ß©‡ßü ‡¶∂‡ßç‡¶∞‡ßá‡¶£‡¶ø ‡¶ï‡ßá‡¶®‡ßç‡¶ü‡¶ø‡¶® (‡¶π‡ßÅ‡¶ú‡ßÅ‡¶∞‡ßá‡¶∞ ‡¶¶‡ßã‡¶ï‡¶æ‡¶®),22.3594548,91.83013400000002,,,
405,CMC Restaurant,22.3596838,91.82998450000001,3.8,490.0,
406,kutub resturent,22.3581375,91.8304814,4.0,1.0,
407,Pirani Hotel & Birani House,22.3609069,91.8301619,3.4,24.0,
408,Cafe Al Monjur Restaurant & Birani House,22.359968,91.83266770000002,2.8,4.0,
409,Cafe Muslim Hotel And Restaurant,22.3599487,91.832685,3.0,6.0,
410,‡¶Ü‡¶π‡¶æ‡¶∞ ‡¶∞‡ßá‡¶Å‡¶∏‡ßç‡¶§‡ßã‡¶∞‡¶æ,22.3608164,91.8297769,3.8,19.0,
411,New Radhuni Restaura & Biryani House,22.3608153,91.8297621,4.3,4.0,
412,Bhandari Hotel,22.3599338,91.8327449,3.8,6.0,
413,Vandari Hotel,22.3598179,91.8327856,5.0,3.0,
414,Kentucky,22.3599955,91.8327388,4.0,421.0,
415,‡¶®‡¶æ‡¶∞‡ßç‡¶∏‡ßá‡¶∏ ‡¶ï‡ßç‡¶Ø‡¶æ‡¶´‡ßá‡¶ü‡ßã‡¶∞‡¶ø‡ßü‡¶æ,22.3592718,91.8286832,2.9,8.0,
416,Spicy Zone,22.3607846,91.8293257,4.0,4.0,
417,"Haji Kacchi Ghor, Medical Road Branch",22.3607908,91.8293083,3.9,125.0,
418,Lotus Restaurant,22.36085959999999,91.8293403,3.9,101.0,
419,Hotel New Cafe Roj,22.3598946,91.8330616,5.0,1.0,
420,Master Chef,24.3705444,88.60228719999999,3.9,2039.0,$$
421,"Ghost Riderz Cafe, Rajshahi",24.3693211,88.6020471,3.9,986.0,$$
422,RFC,24.3653933,88.6009495,3.4,13.0,
423,Rajmoni cafe & Restaurant,24.3653917,88.6006106,3.7,3.0,
424,"Chilis Fast food, Pastry Shop & Ice cream Parlour",24.3651295,88.6007353,4.3,34.0,
425,Twist & Taste,24.3649484,88.6012246,3.8,406.0,
426,Nanking Chinese Restaurant,24.3678936,88.5815523,4.1,1395.0,$$
427,City Garden Chiness Restaurant,24.3826729,88.58760339999999,4.4,16.0,
428,Simante Nongor,24.3631844,88.5872493,4.1,132.0,
429,Master Chef Bangla Restaurant,24.3711498,88.5822701,3.9,982.0,$$
430,Kings Fried Chicken,24.3790375,88.5655347,3.8,6.0,
431,lead generation,24.3745146,88.60416599999999,,,
432,Mdkamal Ale,24.3745146,88.60416599999999,,,
433,Garments,24.3745146,88.60416599999999,4.0,1.0,
434,ilius treder,24.3745146,88.60416599999999,,,
435,Movenpick Food Zone,24.3745146,88.60416599999999,,,
436,Matir Manus,24.3745146,88.60416599999999,,,
437,Rifle Club Nanking Convention Hall.,24.3745146,88.60416599999999,2.0,1.0,
438,‡¶°‡¶æ‡¶≤‡¶æ‡¶∏ ‡¶π‡ßã‡¶ü‡ßá‡¶≤ ‡¶Ö‡ßç‡¶Ø‡¶æ‡¶®‡ßç‡¶° ‡¶∞‡ßá‡¶∏‡ßç‡¶ü‡ßÅ‡¶∞‡ßá‡¶®‡ßç‡¶ü,24.3742047,88.6038525,,,
439,FUNNY GAMING,24.3741699,88.6046471,,,
440,Jewel Tee Stall,24.3736689,88.6040142,,,
441,Bindu Hotel And Restaurant,24.3740202,88.603169,3.8,689.0,$
442,Brother's Billiards & Cafe,24.3741982,88.60290409999999,4.9,14.0,
443,Tehari Ghor,24.37351229999999,88.6030572,3.8,91.0,
444,New Tasty Treat,24.373352,88.60306630000001,4.7,3.0,
445,Padma Kebab & Biryani,24.3732717,88.60309389999999,,,
446,Dhaka Biriyani House,24.374172,88.60235589999999,3.5,4.0,
447,Alom Hotel,24.376554,88.6047933,3.5,2.0,
448,The Mahal Restaurant,24.3724453,88.6032132,4.0,342.0,$$
449,TM's Territory üòâü§ò,24.3724686,88.6030931,5.0,6.0,
450,Master chef pastry and fast food,24.3730944,88.6021808,4.2,21.0,
451,Chef Garden Restaurent,24.3721943,88.6032165,4.4,73.0,
452,Arrow Spoon,24.3729697,88.60201289999999,3.7,164.0,$
453,Burger New Market,24.3722691,88.60294090000001,4.4,8.0,
454,Howzate,24.3728826,88.6020588,3.4,5.0,
455,Khadok,24.37290639999999,88.6020142,4.8,5.0,
456,Tik tok food corner,24.3728796,88.60199109999999,3.2,9.0,
457,City Garden Fast Food & Chinese,24.3723641,88.6025966,4.1,7.0,
458,"Tasty Time, Omar Plaza",24.3731097,88.60175679999999,4.4,17.0,
459,Rajshahi Biriyani Ghar,24.3726993,88.6021097,3.6,9.0,
460,Vai Vai Restaurant,24.372699,88.6019843,3.1,11.0,
461,Chaat Zone,24.3729788,88.6017315,,,
462,Dough & Cheez,24.3719284,88.60321460000002,5.0,3.0,
463,Indian Spicy Rajshahi,24.3729307,88.60172209999999,4.0,155.0,$$
464,Relish,24.3729608,88.6016646,3.4,5.0,
465,Golpo Kotha bilanan,24.3718806,88.6032437,,,
466,Amigos,24.3729514,88.6016559,3.8,157.0,$$
467,Savory Kitchen,24.37290489999999,88.601681,4.5,2.0,
468,Bashundhara Sancks & Fast Food,24.3725335,88.6020008,3.9,10.0,$$
469,Food Lovers Rajshahi,24.3729036,88.6016533,5.0,3.0,
470,‡¶¨‡¶®‡¶≠‡ßã‡¶ú‡¶®,24.3728978,88.60164309999999,5.0,1.0,
471,Club House,24.37298539999999,88.6013698,4.1,252.0,$$
472,Halim's Puri Burger & Bhangchur,24.3724193,88.60185489999999,5.0,2.0,
473,The Corridor Cafe,24.3715438,88.6031265,3.8,34.0,
474,Rinki Foods Corner,24.3730112,88.60114589999999,4.5,2.0,
475,NR Home Kitchen,24.3736022,88.6007963,5.0,1.0,
476,MamunKhan,24.3714201,88.6032042,,,
477,The Hideout Cafe,24.3713755,88.60338759999999,4.1,815.0,$$
478,Resturent Alom,24.3727525,88.6072159,,,
479,Kutum Bari Bangla Restaurant,24.3743185,88.60804879999999,3.0,1.0,
486,Sazid Burger Corner,24.3680739,88.63666309999999,,,
487,Burganic,24.369081,88.637761,,,
488,Renesa Confectionery,24.3691799,88.6378227,2.4,10.0,
489,Campus Food Corner,24.3692265,88.6377584,3.8,15.0,
490,Bottola Hotel,24.3692224,88.63815830000001,5.0,1.0,
491,ICE Tong - ‡¶Ü‡¶á ‡¶∏‡¶ø ‡¶á ‡¶ü‡¶Ç,24.3694724,88.6375035,,,
492,Sagor Canteen,24.3691714,88.6384514,3.8,94.0,$
493,Monir Tea Stall,24.3689228,88.63614869999999,4.3,12.0,$
494,‡¶Æ‡ßÅ‡¶ñ ‡¶∞‡ßÅ‡¶ö‡¶ø ‡¶´‡¶æ‡¶∑‡ßç‡¶ü ‡¶´‡ßÅ‡¶°,24.3691539,88.63619849999999,,,
495,Selim Food Corner,24.3699438,88.63756920000002,4.5,12.0,$
496,Latifa's Kalai Ruti Shop,24.3702214,88.6377302,4.2,19.0,$
497,‡¶Ü‡¶ï‡ßç‡¶ï‡¶æ‡¶ö ‡¶Ö‡¶ü‡ßã ‡¶¨‡ßá‡¶ó‡ßÅ‡¶®‡ßÄ ‡¶∏‡ßç‡¶ü‡ßã‡¶∞,24.3681812,88.6407809,4.0,1.0,
498,Bangabondhu Hall Dining Room,24.3685371,88.6408951,3.0,3.0,
499,Silsila Restora,24.3699568,88.6404737,4.1,215.0,$
500,Taher Canteen,24.3678991,88.6415657,3.0,6.0,$
501,Rainbow foodies,24.3706132,88.6338273,5.0,1.0,
502,Matihar Hall Dining Room,24.3687532,88.6428143,5.0,4.0,
503,Quick Bite,24.3646748,88.6337226,3.9,64.0,
504,azad stor benodpur rajshshi,24.3663459,88.64261379999999,,,
505,Pitha chottwor,24.3724254,88.6337729,5.0,5.0,
506,Food view,24.3673719,88.64342649999999,3.0,1.0,
507,Mizan's Kabab & Food,24.3643789,88.63325259999999,4.5,113.0,
508,New Royal Kitchen,24.3672485,88.6434919,3.7,75.0,
509,Sadek Hotel,24.36727519999999,88.64360049999999,3.9,17.0,$
510,Babu Vai Hotel,24.3734931,88.6399055,4.0,1.0,
511,Seyamoon Restaurant,24.3645206,88.6328948,3.5,73.0,
512,"‡¶¨‡¶æ‡¶¨‡ßÅ ‡¶≠‡¶æ‡¶á‡ßü‡ßá‡¶∞ ‡¶π‡ßã‡¶ü‡ßá‡¶≤, ‡¶ú‡¶ø‡ßü‡¶æ ‡¶π‡¶≤",24.3735122,88.639921,5.0,1.0,
513,Shahi Haji Biriani,24.3643133,88.63298280000001,3.3,181.0,
514,Royal Kitchen Bangla,24.3660211,88.64340039999999,3.5,29.0,
515,Raj Chicken Biryani & Restora,24.3624421,88.6367532,3.7,3.0,
516,Rassell Foods,24.3623681,88.63686919999999,3.9,15.0,$
517,Bismillah Fuchka-Chotpoti,24.3675746,88.6441179,5.0,1.0,
518,GRILL HOUSE,24.36433,88.63245839999999,3.6,39.0,
519,Berlin Fastfood & Restaurant,24.3641066,88.6325124,3.5,27.0,
520,ROUTE 6 DE LOUNGE,24.3641978,88.63236309999999,3.6,270.0,$$
521,S.N. Food Corner,24.36250279999999,88.64064169999999,4.4,17.0,
522,Shushadhu Bhaja,24.3624047,88.6406337,1.0,1.0,
523,Raj Bangla Restora,24.3623649,88.64054139999999,3.6,20.0,
524,Hotel Al Baraka Restora,24.3625056,88.64092389999999,5.0,2.0,
525,‡¶®‡¶ø‡¶â ‡¶π‡ßã‡¶ü‡ßá‡¶≤ ‡¶è‡¶®‡ßç‡¶° ‡¶∞‡ßá‡¶∑‡ßç‡¶ü‡ßÅ‡¶∞‡ßá‡¶®‡ßç‡¶ü,24.3680524,88.6449878,,,
526,Jilapi Vandar Hotel & Restaurant,24.3677516,88.64503739999999,3.3,13.0,
527,Shifa Hotel and Restaurant,24.3678908,88.6452266,3.6,31.0,$
528,‡¶Æ‡¶æ‡¶¶‡¶æ‡¶∞‡¶¨‡¶ï‡ßç‡¶∏,24.3735007,88.64277240000001,,,
529,Rohan Royal Fastfood & Restaurant,24.3675671,88.6452893,5.0,1.0,
530,Riyad Hotel and Restaurant,24.3678417,88.64539189999999,3.6,178.0,$
531,"Shofiq's Canteen Charukola, RU",24.3757078,88.6372229,4.2,5.0,
532,Shuvo Hotel and Restaurants,24.3621793,88.632578,3.0,2.0,
533,‡¶è‡¶∂‡¶ø‡ßü‡¶æ ‡¶¶‡¶æ‡¶∞‡ßÅ‡¶ö‡¶ø‡¶®‡¶ø ‡¶∞‡ßá‡¶∏‡ßç‡¶ü‡ßÅ‡¶∞‡ßá‡¶®‡ßç‡¶ü,24.374095,88.6428904,4.0,2.0,
534,Babu's Hotel,24.3758599,88.6369959,3.5,2.0,
535,"Rafiq's Canteen, Charukola, RU",24.3759402,88.63800440000001,4.6,27.0,
536,Shah Mukhdum Hall Dining,24.370091,88.645748,3.7,6.0,
537,Vai Vai Food Corner,24.3710557,88.645748,3.0,1.0,
538,Jamai Food Corner,24.3703005,88.6461087,5.0,2.0,
539,Hanufa Restaurant - ‡¶π‡¶æ‡¶®‡ßÅ‡¶´‡¶æ ‡¶∞‡ßá‡¶∏‡ßç‡¶ü‡ßÅ‡¶∞‡ßá‡¶®‡ßç‡¶ü,24.3651068,88.6457228,3.4,25.0,
540,New Sagorika Hotel And Restaurant,25.7169539,89.26293009999999,3.5,51.0,$$
541,Shawarma Kitchen,25.7155567,89.2622105,4.0,83.0,
542,Caspia The Home,25.7568955,89.23944089999999,3.9,874.0,$$
543,Coffee House,25.7602477,89.240546,3.9,204.0,
544,MD Ripul,25.7438916,89.275227,,,
545,‡¶¨‡¶ø‡¶∏‡¶Æ‡¶ø‡¶≤‡ßç‡¶≤‡¶æ‡¶π‡¶ø‡¶∞ ‡¶π‡ßã‡¶ü‡ßá‡¶≤‡ßá ‡¶è‡¶®‡ßç‡¶° ‡¶∞‡ßá‡¶∏‡ßç‡¶ü‡ßÅ‡¶∞‡ßá‡¶®‡ßç‡¶ü,25.7438916,89.275227,5.0,1.0,
546,Amazon Walmart eBay Services Promoter,25.7438916,89.275227,,,
547,‡¶∞‡¶æ‡¶Ø‡¶º‡¶π‡¶æ‡¶® ‡¶á‡¶≤‡ßá‡¶ï‡¶ü‡ßç‡¶∞‡¶®‡¶ø‡¶ï ‡¶ì ‡¶ü‡ßç‡¶∞‡ßá‡¶°‡¶æ‡¶∏,25.7438916,89.275227,,,
548,‡¶®‡ßã‡¶Æ‡¶æ‡¶® ‡¶π‡ßã‡¶ü‡ßá‡¶≤,25.7438916,89.275227,,,
549,Export & Import & Contructor,25.7438916,89.275227,,,
550,Home work,25.7438916,89.275227,5.0,2.0,
551,MHR,25.7438916,89.275227,5.0,1.0,
552,Lemon,25.7438916,89.275227,,,
553,mawahed2010,25.7438916,89.275227,,,
554,Shobuj,25.7438916,89.275227,,,
555,‡¶ï‡ßÅ‡¶ü‡ßÅ‡¶Æ‡¶¨‡¶æ‡ßú‡ßÄ ‡¶∞‡ßá‡¶∑‡ßç‡¶ü‡ßÅ‡¶∞‡ßá‡¶®‡ßç‡¶ü,25.7438916,89.275227,4.5,6.0,
556,Rangpur Bass Stison,25.7438916,89.275227,,,
557,‡¶∂‡¶æ‡¶Æ‡¶∏‡¶æ‡¶¶ ‡¶π‡ßã‡¶ü‡ßá‡¶≤,25.7438916,89.275227,,,
558,Nutun Bazar Haragach,25.7438916,89.275227,,,
559,Ohona Hotel & Restaurant,25.7438916,89.275227,,,
560,Jahangir Hotel and Restaurant,25.7438916,89.275227,3.4,43.0,$
561,‡¶ó‡ßã‡¶¨‡¶∞‡¶æ ‡¶™‡¶æ‡ßú‡¶æ ‡¶∏‡¶∞‡¶ï‡¶æ‡¶∞‡¶ø ‡¶™‡ßç‡¶∞‡¶æ‡¶•‡¶Æ‡¶ø‡¶ï ‡¶¨‡¶ø‡¶¶‡ßç‡¶Ø‡¶æ‡¶≤‡ßü,25.74389399999999,89.2752245,,,
562,Electronics Product Shop-USA,25.7441249,89.27525469999999,5.0,11.0,
563,PLAN-B,25.7446351,89.275425,,,
564,Chakrobort House,25.7451199,89.2737945,3.5,2.0,
565,Sumon Store,25.7471465,89.2725423,5.0,2.0,
566,‡¶Æ‡ßå‡¶≠‡¶æ‡¶∑‡¶æ ‡¶ñ‡¶≤‡¶ø‡¶´‡¶æ‡¶∞ ‡¶¨‡¶æ‡¶ú‡¶æ‡¶∞,25.7506211,89.2679526,,,
567,‡¶π‡¶æ‡¶ú‡ßÄ ‡¶π‡ßã‡¶ü‡ßá‡¶≤ ‡¶è‡¶®‡ßç‡¶° ‡¶Æ‡¶ø‡¶∑‡ßç‡¶ü‡¶ø ‡¶Æ‡ßá‡¶≤‡¶æ,25.7524539,89.2675874,,,
568,‡¶∞‡¶æ‡¶π‡¶æ‡¶§ ‡¶õ‡¶æ‡¶§‡ßç‡¶∞‡¶æ‡¶¨‡¶æ‡¶∏ ‡ß© Rahat chatrabas 3,25.7502301,89.2651406,4.7,13.0,
569,Rangdhanu Puding And Tea-House,25.7523979,89.2671531,4.7,3.0,
570,Rafikul Hotel,25.7336324,89.2694911,,,
571,Shahjahan Hotel,25.756086,89.27807849999999,,,
572,‡¶á‡¶û‡ßç‡¶ú‡¶ø‡¶®‡¶ø‡¶Ø‡¶º‡¶æ‡¶∞‡ßç‡¶∏ ‡¶õ‡¶æ‡¶§‡ßç‡¶∞‡¶æ‡¶¨‡¶æ‡¶∏,25.7536276,89.266072,3.5,2.0,
573,Nayoni Tea Stall,25.741879,89.26012519999999,3.4,7.0,
574,‡¶∏‡¶æ‡¶¶‡¶æ‡¶§ ‡¶π‡ßã‡¶ü‡ßá‡¶≤ ‡¶è‡¶®‡ßç‡¶° ‡¶∞‡ßá‡¶∑‡ßç‡¶ü‡ßÅ‡¶∞‡ßá‡¶®‡ßç‡¶ü,25.7525037,89.26319749999999,,,
575,Hanif Hotel,25.748651,89.26076650000002,2.5,2.0,
576,Allah Vorosha Hotel,25.75262660000001,89.2632439,,,
577,Shafayet Ahsan Hotel And Resturent,25.7416988,89.2599406,,,
578,‡¶∏‡¶æ‡¶§‡¶Æ‡¶æ‡¶•‡¶æ ‡¶¨‡¶ø‡¶∞‡¶ø‡ßü‡¶æ‡¶®‡ßÄ ‡¶π‡¶æ‡¶â‡¶∏,25.7349696,89.2873644,,,
579,Romena's Kitchen,25.7512484,89.26189529999999,5.0,2.0,
580,Bismillah Hotel and Restaurant,25.7344259,89.2868993,3.6,21.0,
581,Ershad Resturent,25.73296629999999,89.2855122,5.0,1.0,
582,‡¶Ö‡¶π‡¶®‡¶æ ‡¶π‡ßã‡¶ü‡ßá‡¶≤ ‡¶è‡¶®‡ßç‡¶° ‡¶∞‡ßá‡¶∏‡ßç‡¶ü‡ßÅ‡¶∞‡ßá‡¶®‡ßç‡¶ü,25.7344746,89.2873374,,,
583,Ohona hotel & Restaurant,25.7343375,89.28736049999999,3.0,1.0,
584,The Black Platter,25.7468859,89.25947029999999,3.6,33.0,
585,Satmatha Hotel & Restaurant,25.7344335,89.28750769999999,4.0,3.0,
586,Shadhin Hotel & Restaurant,25.734416,89.287505,4.9,11.0,
587,Vater Hotel,25.7308629,89.28256499999999,,,
588,Jannati Hotel,25.7423682,89.2591006,3.0,2.0,
589,Zahangir Hotel,25.7386785,89.25994899999999,4.4,5.0,
590,Hotel Mamur Bari,25.7579347,89.2824448,5.0,1.0,
591,Tanushi Food & Beverage,25.74910809999999,89.25899559999999,4.2,13.0,
592,‡¶´‡ßÅ‡¶°‡¶æ‡¶á‡¶°‡¶ø ‡¶∏‡¶æ‡¶ó‡¶æ‡¶á ‡¶¨‡¶æ‡ßú‡ßÄ,25.7343727,89.2607536,4.1,45.0,
593,Ektu Onnorokom,25.7295719,89.2666114,4.0,18.0,
594,Puri House,25.72751,89.273957,4.7,3.0,
595,Hotel Nayory,25.7276138,89.27271619999999,3.0,1.0,
596,The City Palace,25.7476179,89.25744619999999,4.4,5.0,
597,Antaj Hotel,25.7292455,89.2667725,3.3,6.0,$
598,‡¶π‡¶æ‡¶ú‡ßÄ ‡¶ñ‡¶®‡ßç‡¶§‡¶æ‡¶ú ‡¶π‡ßã‡¶ü‡ßá‡¶≤,25.7291589,89.26684879999999,,,
599,Shanto Hotel,25.7271945,89.2731573,5.0,1.0,
604,Shawtua Hot,25.7287185,89.26358069999999,,,
605,Molla Biriyani House,25.7286647,89.2638105,,,
606,‡¶Ü‡¶≤‡ßç‡¶≤‡¶æ‡¶∞ ‡¶¶‡¶æ‡¶®,25.7291023,89.2635725,,,
607,Dhaka Birani House,25.728919,89.26395219999999,5.0,1.0,
608,‡¶π‡ßã‡¶ü‡ßá‡¶≤ ‡¶ó‡¶æ‡¶ì‡¶∏‡¶ø‡ßü‡¶æ,25.7292184,89.26376110000001,5.0,1.0,
609,Bombay Hotel & Restaurant,25.7292664,89.26370109999999,4.2,5.0,
610,‡¶Ü‡¶∏‡¶≤‡¶æ‡¶Æ ‡¶™‡ßÅ‡ßú‡¶ø ‡¶π‡¶æ‡¶â‡¶∏,25.7293619,89.26426769999999,,,
611,‡¶∏‡¶æ‡¶Æ‡¶∏‡¶æ‡¶¶ ‡¶π‡ßã‡¶ü‡ßá‡¶≤ ‡¶è‡¶®‡ßç‡¶° ‡¶∞‡ßá‡¶∏‡ßç‡¶ü‡ßÅ‡¶∞‡ßá‡¶®‡ßç‡¶ü,25.7291939,89.2646911,4.0,156.0,$$
615,Belal Hotel,25.7243235,89.2652782,5.0,1.0,
618,New Jhunur Restaurant,25.7283256,89.2549829,4.0,1.0,
619,Panshi,25.7292908,89.2548872,4.6,5.0,
620,‡¶Ü‡¶¨‡¶°‡¶æ‡¶≤,25.7241535,89.2561058,5.0,3.0,
621,‡¶Æ‡¶æ‡¶∏‡ßÅ‡¶¶ ‡¶¨‡¶ø‡¶∞‡¶æ‡¶®‡ßÄ ‡¶è‡¶®‡ßç‡¶° ‡¶ö‡¶™ ‡¶π‡¶æ‡¶â‡¶ú,25.7283834,89.254582,5.0,5.0,
622,Captain Bakeology,25.7262175,89.2548542,4.2,82.0,
623,The Deli,25.7258942,89.2549427,4.4,11.0,
624,‡¶¢‡¶æ‡¶ï‡¶æ ‡¶¨‡¶ø‡¶∏‡¶Æ‡¶ø‡¶≤‡ßç‡¶≤‡¶æ‡¶π‡ßç ‡¶¨‡¶ø‡¶∞‡¶ø‡ßü‡¶æ‡¶®‡ßÄ ‡¶π‡¶æ‡¶â‡¶∏,25.7259361,89.2548475,2.8,6.0,
625,‡¶¢‡¶æ‡¶ï‡¶æ ‡¶¨‡¶ø‡¶∞‡¶ø‡ßü‡¶æ‡¶®‡ßÄ ‡¶π‡¶æ‡¶â‡¶∏,25.7264437,89.25458499999999,4.4,31.0,
626,Kazi Farms Kitchen Rangpur,25.7254614,89.2548987,4.2,11.0,
627,Changpai Hotel and Fast Food,25.7258399,89.25464099999999,3.3,8.0,
628,"Esha Chinese,Fast Food & Birani House",25.7251525,89.2549128,3.8,5.0,
629,Kitchen Express - Biryani House,25.7317032,89.254832,2.8,4.0,
630,‡¶®‡ßÇ‡¶∞‡¶æ‡¶®‡ßÄ ‡¶π‡ßã‡¶ü‡ßá‡¶≤ ‡¶è‡¶®‡ßç‡¶° ‡¶∞‡ßá‡¶∑‡ßç‡¶ü‡ßÅ‡¶∞‡ßá‡¶®‡ßç‡¶ü,25.72516,89.25489929999999,3.8,22.0,$
632,Kabab & Cafe,25.7312277,89.25458859999999,4.0,77.0,
633,Golden Cafe,25.7320173,89.2548709,4.2,40.0,
634,Oneline inkem,25.7205269,89.2667199,,,
635,Koyla Cafe,25.7323653,89.25486289999999,4.0,166.0,
636,Lalbag Restora,25.7252023,89.2545815,4.1,59.0,
637,‡¶¢‡¶æ‡¶ï‡¶æ ‡¶®‡¶æ‡¶®‡ßç‡¶®‡¶æ ‡¶¨‡¶ø‡¶∞‡¶æ‡¶®‡ßÄ ‡¶π‡¶æ‡¶â‡¶∏,25.7250478,89.2546208,4.8,4.0,
639,Alauddin Biryani Bari,25.7325024,89.2545427,,,
640,Lipu Mamar Hotel,25.7248584,89.2541588,4.0,20.0,
641,Adhikary Misti Mukh,25.7240921,89.2544193,4.7,6.0,
643,Jomir Hotel,25.7247264,89.25359879999999,1.0,1.0,
644,Enamul Tea Stall,25.7341046,89.2546802,3.4,22.0,$
645,One Taka Hotel / ‡¶è‡¶ï ‡¶ü‡¶æ‡¶ï‡¶æ‡¶∞ ‡¶π‡ßã‡¶ü‡ßá‡¶≤,25.7237931,89.2540405,4.5,20.0,
646,‡¶è‡¶ï ‡¶ü‡¶æ‡¶ï‡¶æ‡¶∞ ‡¶π‡ßã‡¶ü‡ßá‡¶≤,25.7236585,89.2540201,4.5,8.0,
648,‡¶π‡ßã‡¶ü‡ßá‡¶≤ ‡¶ú‡¶æ‡¶®‡¶æ‡¶§‡ßÅ‡¶≤ ‡¶´‡ßá‡¶∞‡¶¶‡ßå‡¶∏,25.7364003,89.2545122,,,
649,Treat-me,25.7368717,89.2548558,4.1,208.0,$$
650,"‡¶Ü‡¶Æ‡ßç‡¶Æ‡¶æ ‡¶π‡ßã‡¶ü‡ßá‡¶≤, ‡¶Ü‡¶¶‡¶∞‡ßç‡¶∂‡¶™‡¶æ‡¶°‡¶º‡¶æ, ‡¶∞‡¶Ç‡¶™‡ßÅ‡¶∞",25.7367216,89.2546644,3.7,92.0,
651,Burgerland,25.7171123,89.2624232,4.5,2.0,
652,Rafique Hotel,25.717033,89.26389789999999,3.1,7.0,
653,Anwar Hotel,25.7168273,89.2632883,5.0,2.0,
654,Sinha Hotel & Restuarant,25.7167665,89.2635459,4.5,6.0,
655,‡¶¨‡¶ø‡¶∂‡ßç‡¶¨‡¶æ‡¶∏ ‡¶π‡ßã‡¶ü‡ßá‡¶≤ ‡¶è‡¶®‡ßç‡¶° ‡¶∞‡ßá‡¶∑‡ßç‡¶ü‡ßÅ‡¶∞‡ßá‡¶®‡ßç‡¶ü,25.71696,89.26071569999999,,,
656,Angur Mama Tea Stall,25.7166851,89.2632642,4.0,14.0,
657,‡¶Æ‡¶∞‡¶ø‡ßü‡¶Æ ‡¶π‡ßã‡¶ü‡ßá‡¶≤,25.7166801,89.2636794,4.0,5.0,
658,Farhana Hotel,25.7166412,89.2632551,2.0,1.0,
659,Hossen Meraj,25.7166825,89.2677286,,,
660,City Inn,22.8207546,89.55075959999999,4.2,3512.0,
661,Hotal Alim,22.8179296,89.5454335,4.0,1.0,
662,New Kaifeng Chinese Restaurant,22.8191587,89.55762659999999,4.0,763.0,$$
663,CityLight Cafe & Restaurant,22.8165826,89.56456419999999,4.1,907.0,
664,Tanjima Food Corner,22.8156261,89.5671773,4.1,14.0,
665,‡¶ì‡ßü‡ßá‡¶∏‡ßç‡¶ü‡¶æ‡¶∞‡ßç‡¶® ‡¶á‡¶® ‡¶á‡¶®‡ßç‡¶ü‡¶æ‡¶∞‡¶®‡ßç‡¶Ø‡¶æ‡¶∂‡¶®‡¶æ‡¶≤ ‡¶≤‡¶ø‡¶É,22.8137131,89.5667649,4.0,760.0,
666,‡¶∂‡¶π‡¶ø‡¶¶‡ßÅ‡¶≤'‡¶∏,22.8028294,89.5332742,4.1,28.0,$
667,Topon's,22.8028038,89.53310669999999,4.6,146.0,$
668,Vabi's Tea Shop,22.8027758,89.5330874,4.4,24.0,
669,online teach,22.845641,89.5403279,,,
670,Abdul kuddus,22.845641,89.5403279,,,
671,torekul talecom,22.845641,89.5403279,,,
672,‡¶Æ‡ßÅ‡¶® ‡¶¨‡ßá‡¶ï‡¶æ‡¶∞‡ßÄ,22.845641,89.5403279,,,
673,Only Toslim,22.845641,89.5403279,,,
674,Dhaba 2 Khulna.,22.845641,89.5403279,3.6,7.0,
675,Zihad,22.845641,89.5403279,,,
676,Mind,22.845641,89.5403279,,,
677,Default Restaurent,22.845641,89.5403279,,,
678,fastfood,22.845641,89.5403279,,,
679,Coffita,22.845641,89.5403279,5.0,1.0,
680,moghol's dine,22.845641,89.5403279,,,
681,Khan Jahanalli,22.845641,89.5403279,,,
682,sk nime,22.845641,89.5403279,,,
683,Madhie Hasan,22.845641,89.5403279,,,
684,azad store,22.845641,89.5403279,,,
685,Jamil's Fish BBQ,22.845641,89.5403279,4.8,5.0,
686,Eat & Meet,22.845641,89.5403279,3.9,10.0,
687,Jing ling cafe and restaurant khulna,22.845641,89.5403279,2.8,4.0,
688,Tugh lifee,22.8471189,89.5404612,,,
689,‡¶ö‡¶ü‡¶™‡¶ü‡¶ø ‡¶è‡¶¨‡¶Ç ‡¶´‡ßÅ‡¶∏‡¶ï‡¶æ ‡¶π‡¶æ‡¶â‡¶ú,22.8468516,89.538303,5.0,1.0,
690,‡¶Ü‡¶π‡¶æ‡¶Æ‡¶æ‡¶¶ ‡¶¨‡¶ø‡¶∞‡¶æ‡¶®‡¶ø,22.8464611,89.5380737,,,
691,‡¶ó‡¶æ‡¶ú‡ßÄ ‡¶∞‡ßá‡¶∏‡ßç‡¶§‡ßã‡¶∞‡¶æ‡¶Å,22.8476019,89.542627,,,
692,Khulna Home Chef's,22.8429982,89.5380994,5.0,2.0,
693,‡¶´‡ßç‡¶∞‡ßá‡¶®‡ßç‡¶°‡¶∏ ‡¶´‡¶æ‡¶∑‡ßç‡¶ü ‡¶´‡ßÅ‡¶° ‡¶è‡¶®‡ßç‡¶° ‡¶Æ‡¶ø‡¶®‡¶ø ‡¶ö‡¶æ‡¶á‡¶®‡¶ø‡¶ú,22.84279699999999,89.54257059999999,,,
694,Shaikh construction,22.8491006,89.54122249999999,,,
695,‡¶¨‡¶ø‡¶ï‡ßç‡¶∞‡¶Æ‡¶™‡ßÅ‡¶∞ ‡¶¨‡¶ø‡¶∞‡¶ø‡ßü‡¶æ‡¶®‡ßÄ ‡¶π‡¶æ‡¶â‡¶∏,22.8425895,89.54257369999999,4.0,1.0,
696,khalishpur bhorta bari eshi kunjo,22.8472546,89.54408839999999,4.5,2.0,
697,Khan Hotel & Restaurant,22.8420426,89.53895670000001,2.8,4.0,
698,Shimul Hotel And Restaurant,22.8418603,89.538955,5.0,2.0,
699,‡¶∂‡¶∞‡ßÄ‡¶´ ‡¶π‡ßã‡¶ü‡ßá‡¶≤ ‡¶è‡¶®‡ßç‡¶° ‡¶∞‡ßá‡¶∏‡ßç‡¶ü‡ßÅ‡¶∞‡ßá‡¶®‡ßç‡¶ü,22.8418375,89.53892739999999,5.0,2.0,
700,Meghla Hotel And Restaurant,22.841848,89.53873879999999,4.7,6.0,
701,‡¶ñ‡¶æ‡¶¨‡¶æ‡¶∞ ‡¶π‡ßã‡¶ü‡ßá‡¶≤,22.8491927,89.5379821,5.0,1.0,
702,‡¶∂‡¶æ‡¶Æ‡ßç‡¶Æ‡¶ø'‡¶ú ‡¶ï‡¶ø‡¶ö‡ßá‡¶®,22.8469627,89.5353185,,,
703,Tasty Hut,22.8504011,89.542963,5.0,3.0,
704,Bismillah store & fastfood,22.8508758,89.54172249999999,3.3,3.0,
705,"‡¶Æ‡¶æ-‡¶Æ‡¶®‡¶ø ‡¶ï‡¶ø‡¶ö‡ßá‡¶®,‡¶Ü‡¶ï‡¶æ‡¶∂ ‡¶¶‡¶æ‡¶∏",22.8424227,89.54563350000001,5.0,1.0,
706,Kuddus Tea store,22.842216,89.5456502,4.2,6.0,
707,Hungry Foodies,22.8495923,89.54556840000001,4.7,11.0,
708,Sheikh Enterprise,22.84395779999999,89.5335333,4.0,4.0,
709,Ruhan tonni hostel,22.8438029,89.5333185,,,
710,Tulu Bhaier Canteen,22.8525654,89.5395171,3.9,103.0,$
711,Atif,22.85175229999999,89.54444269999999,5.0,1.0,
712,JUMMAN HOTEL,22.8526015,89.5433506,4.0,23.0,
713,Faltu hotel,22.8526107,89.54335689999999,1.0,1.0,
714,Shantipuri Resturant,22.8423412,89.53287569999999,,,
715,Nayon,22.8525134,89.5366085,,,
716,‡¶ú‡¶æ‡¶´‡¶≤‡¶Ç ‡¶∞‡ßá‡¶∏‡ßç‡¶ü‡ßÅ‡¶∞‡ßá‡¶®‡ßç‡¶ü Jaflong Restaurant,22.8533724,89.5414606,3.8,6.0,
717,Royal Kitchen,22.8393181,89.5460834,4.1,18.0,
718,Saad Biriyani House & Restaurant,22.83703659999999,89.53979860000001,4.6,14.0,
719,Khulna Kabab Ghar,22.852279,89.5465979,,,
723,Kewra,22.7993226,89.5348549,3.9,124.0,$$
724,"Mejban bari, Khulna",22.799597,89.535372,4.0,144.0,
725,Dumuria Hotel,22.7982329,89.52755599999999,3.9,26.0,
732,Hotel Royal International,22.8104121,89.5618746,4.1,1764.0,
733,‡¶¶‡¶æ‡¶∞‡ßÅ‡¶ö‡¶ø‡¶®‡¶ø ‡¶∞‡ßá‡¶∏‡ßç‡¶ü‡ßÅ‡¶∞‡ßá‡¶®‡ßç‡¶ü,22.7994387,89.5347883,4.0,1.0,
734,Cafe Burger World - Khulna,22.79943029999999,89.5347678,,,
735,Bone Fish,22.7993007,89.5347031,3.8,130.0,
736,Sparkling Pastry,22.7983093,89.5337643,5.0,5.0,
737,Siddik's Juice Corner,22.8033823,89.5381736,4.4,50.0,$
738,Arabians Restaurant,22.8034736,89.5381498,3.0,1.0,
739,BB Hall Canteen,22.8012554,89.53826409999999,,,
740,Uncle Ben's Cafe,22.8026473,89.5384311,,,
741,Shahin's,22.8020781,89.53850109999999,4.0,10.0,
742,Cocktail,22.8045439,89.53780139999999,3.3,3.0,
743,Khan Jahan Ali Restora,22.8046734,89.5377883,3.0,1.0,
744,Satkhira Ghosh Dairy Mas Gat,22.8005931,89.5385575,,,
745,O' Khulna - Parkside Restaurant,22.8005352,89.53916850000002,5.0,1.0,
746,Restaurant Adda,22.8008079,89.5392837,5.0,2.0,
747,‡¶Ü‡¶§‡¶ø‡ßü‡¶æ‡¶∞ ‡¶π‡ßã‡¶ü‡ßá‡¶≤,22.80010009999999,89.5395174,3.0,1.0,
748,Sopnil Restaurant,22.797875,89.53009019999999,,,
749,Rasana Bilas Restaurant,22.7982485,89.52929619999999,4.4,23.0,
750,Mir's Food Junction,22.8033327,89.540309,3.3,3.0,
751,Food O'Clock,22.8032348,89.5404329,,,
752,SPICY INN,22.8032323,89.54043539999999,4.6,5.0,
753,Fahmid Cafe,22.8017598,89.5405121,5.0,1.0,
754,Vojon Bilas Hotel,22.79943279999999,89.5279839,,,
755,Chinese Food Club,22.80095219999999,89.54058479999999,3.7,168.0,$$
756,‡¶≠‡ßã‡¶ú‡¶® ‡¶¨‡¶ø‡¶≤‡¶æ‡¶∏,22.7993198,89.5278512,5.0,2.0,
757,‡¶á‡¶∏‡ßç‡¶ü‡¶æ‡¶®‡ßç ‡¶π‡ßã‡¶ü‡ßá‡¶≤,22.7987902,89.528131,5.0,1.0,
758,Origami Restaurant,22.8035299,89.5408688,,,
759,Wendy's Khulna,22.8035318,89.54088560000001,4.4,32.0,
760,‡¶Æ‡¶∏‡¶æ‡¶≤‡¶æ ‡¶∏‡¶ø‡¶ï‡ßç‡¶∞‡ßá‡¶ü‡¶∏,22.8035268,89.5408987,3.7,3.0,
761,Poroshmoni Hotel & Restora,22.8007751,89.5408739,,,
762,Rupar rannaghor,22.8035287,89.5409071,3.0,1.0,
763,Kutumbari Restaurant,22.7982897,89.5282216,5.0,3.0,
764,Wasabee.bd,22.8035902,89.5409087,3.3,3.0,
765,‡¶Æ‡¶¶‡¶ø‡¶®‡¶æ ‡¶π‡ßã‡¶ü‡ßá‡¶≤ & ‡¶∞‡ßá‡¶∏‡ßç‡¶ü‡ßÅ‡¶∞‡ßá‡¶®‡ßç‡¶ü,22.7970822,89.52945659999999,,,
766,‡¶∏‡ßã‡¶π‡ßá‡¶≤ ‡¶π‡ßã‡¶ü‡ßá‡¶≤,22.801358,89.54111999999999,5.0,1.0,
767,‡¶ï‡ßÅ‡¶ü‡ßÅ‡¶Æ‡¶¨‡¶æ‡ßú‡¶ø ‡¶π‡ßã‡¶ü‡ßá‡¶≤ ‡¶è‡¶®‡ßç‡¶° ‡¶¨‡¶ø‡¶∞‡¶ø‡ßü‡¶æ‡¶®‡¶ø ‡¶π‡¶æ‡¶â‡¶∏,22.7982295,89.527896,,,
768,Hotel Chuknagar,22.7979038,89.52788600000001,4.0,345.0,$$
769,Hotel Ruchi,22.7981924,89.52760270000002,4.0,2.0,
770,Al-Arafa Restaurant - 2,22.797688,89.5279473,4.1,446.0,
771,‡¶ö‡ßÅ‡¶ï‡¶®‡¶ó‡¶∞‡ßá‡¶∞ ‡¶Ü‡¶¨‡ßç‡¶¨‡¶æ‡¶∏ ‡¶π‡ßã‡¶ü‡ßá‡¶≤,22.7978744,89.52777859999999,4.1,47.0,
772,Burger Time,22.8066441,89.5400183,5.0,2.0,
773,Abbas Hotel,22.7982252,89.5274974,4.0,9.0,
774,Grand Fish,22.80669649999999,89.5400308,4.3,3.0,
775,Kamrul's Special Gravy Beef & Mutton,22.7981751,89.52741089999999,4.3,43.0,
776,Kamrul Hotel,22.7981591,89.5274182,4.1,2110.0,$$
777,Chicken Hut,22.8067726,89.5401182,3.8,10.0,
778,Jahatap Hotel,22.7981467,89.5273512,1.3,3.0,
779,Abu Bokkar Resturent,22.8064405,89.5404348,,,
780,The River Cafe,22.695055,90.3655548,3.8,640.0,$$
781,Tawa.,22.6985251,90.35512469999999,3.9,1043.0,$$
782,Cafe Star,22.7020375,90.3649532,3.9,1062.0,$
783,Bells Diner,22.6915257,90.3684607,3.8,70.0,
784,South King Chinese Restaurant,22.6957735,90.3710997,3.8,302.0,$$
785,BANGLA BAZAAR,22.7010021,90.35345110000002,,,
786,‡¶∞‡¶Æ‡¶ú‡¶æ‡¶®,22.7010021,90.35345110000002,,,
787,B.U. Caffe,22.7010021,90.35345110000002,,,
788,Asif khan house,22.7010021,90.35345110000002,,,
789,mamun entireprize,22.7010021,90.35345110000002,,,
790,Abubakar sannamot,22.7010021,90.35345110000002,,,
791,Hafiza Antora,22.7010021,90.35345110000002,,,
792,‡¶Ö‡¶¶‡ßÅ‡¶¶‡¶ø‡ßü‡¶æ ‡¶π‡ßã‡¶ü‡ßá‡¶≤ ‡¶è‡¶®‡ßç‡¶° ‡¶∞‡ßá‡¶∏‡ßç‡¶ü‡ßÅ‡¶∞‡ßá‡¶®‡ßç‡¶ü,22.7010021,90.35345110000002,3.0,1.0,
793,FRYPEN RESTAURANT,22.7010021,90.35345110000002,,,
794,‡¶Ü‡¶ï‡¶§‡¶æ‡¶∞ ‡¶π‡¶æ‡¶ì‡¶≤‡¶æ‡¶¶‡¶æ‡¶∞,22.7010021,90.35345110000002,,,
795,‡¶®‡ßü‡¶®‡ßá‡¶∞ ‡¶¶‡ßã‡¶ï‡¶æ‡¶®,22.7010021,90.35345110000002,,,
796,Al-Hadi Abir,22.7010021,90.35345110000002,,,
797,Shop,22.701002,90.35345099999999,,,
798,‡¶ï‡¶æ‡¶ú‡ßÄ ‡¶ï‡ßç‡¶Ø‡¶æ‡¶´‡ßá,22.7012847,90.35350269999999,3.0,1.0,
799,Orpita Store & Fast-food Chinese,22.70133,90.3535285,3.0,1.0,
800,Changpai Chinese Restaurant,22.7011826,90.3537565,3.3,63.0,
801,New Karai Gosto Restora,22.7013416,90.35352809999999,5.0,2.0,
802,nusratjahan keya,22.7007546,90.353678,,,
803,Muslim Sweet and Restaurant,22.7013633,90.35352449999999,3.3,3.0,
804,Bansher Konchi,22.7010017,90.35383159999999,4.7,3.0,
805,Allah'r Dan Bombai Shingara Point,22.7013668,90.35328,,,
806,‡¶Æ‡ßã‡¶ó‡¶≤‡¶∏‡ßç ‡¶¨‡¶æ‡¶á‡¶ü,22.7014279,90.35340219999999,5.0,1.0,
807,‡¶∂‡¶´‡¶ø‡¶ï ‡¶≠‡¶æ‡¶á‡¶Ø‡¶º‡ßá‡¶∞ ‡¶∏‡ßç‡¶™‡ßá‡¶∂‡¶æ‡¶≤ ‡¶´‡¶æ‡¶∏‡ßç‡¶ü‡¶´‡ßÅ‡¶°,22.7011192,90.3530116,5.0,1.0,
808,Takowa Hotel And Restrurent,22.7011883,90.35393069999999,,,
809,Yahoo food corner,22.7010979,90.3528111,4.0,3.0,
810,Food Lovers,22.7011444,90.3528045,3.8,5.0,
811,Arabella Barishal,22.7011154,90.3527909,4.3,23.0,
812,Haji Biriyani,22.70122479999999,90.3528048,,,
813,Chicken express food cart,22.7012775,90.35280859999999,3.0,1.0,
814,Food station,22.7016565,90.35330859999999,5.0,2.0,
815,Lake View Restaurant,22.7014771,90.3527781,3.9,782.0,$$
816,‡¶∏‡ßç‡¶¨‡¶æ‡¶¶ ‡¶ï‡¶æ‡¶¨‡¶æ‡¶¨ ‡¶ò‡¶∞ ‡¶è‡¶®‡ßç‡¶° ‡¶≠‡ßÇ‡¶°‡¶º‡¶ø ‡¶™‡¶∞‡ßã‡¶ü‡¶æ,22.7008896,90.35258189999999,,,
817,‡¶¨‡¶æ‡¶¶‡¶≤ ‡¶≠‡¶æ‡¶á‡¶Ø‡¶º‡ßá‡¶∞ ‡¶∞‡ßÅ‡¶ü‡¶ø‡¶∞ ‡¶¶‡ßã‡¶ï‡¶æ‡¶®,22.7008685,90.3525858,,,
818,Hassan store,22.7008774,90.3525657,,,
819,kulsm food corner,22.7017143,90.3526613,5.0,1.0,
820,Dhakaiya Mojma,22.7021334,90.35321640000001,5.0,6.0,
821,Western Food Restaurant,22.7017668,90.35455859999999,4.0,22.0,
822,Mitali,22.7020264,90.35433019999999,,,
823,Salt & Sugar,22.7002109,90.3512769,,,
824,‡¶∂‡¶æ‡¶π‡¶ø‡¶®‡ßÅ‡¶∞ ‡¶≠‡ßç‡¶Ø‡¶æ‡¶∞‡¶æ‡¶á‡¶ü‡¶ø ‡¶∑‡ßç‡¶ü‡ßã‡¶∞,22.7040638,90.3518405,3.0,1.0,
825,‡¶¨‡¶ó‡ßÅ‡ßú‡¶æ‡¶∞ ‡¶¶‡¶á & ‡¶Æ‡¶ø‡¶∑‡ßç‡¶ü‡¶æ‡¶®‡ßç‡¶®,22.7043767,90.3526217,3.0,2.0,
826,Shawarma House Restaurant,22.7011937,90.3572538,3.7,435.0,
827,Coffee Time,22.7043996,90.35239109999999,4.3,3.0,
828,Adhora Coffee House,22.6979152,90.3553045,,,
829,Matir Unon (Home made food),22.6972672,90.3554872,5.0,1.0,
830,Lunch box,22.695182,90.3540634,,,
831,Ready Food,22.7023905,90.3596865,3.0,2.0,
832,Katpotti Royal Resturant,22.6954054,90.3563274,,,
833,Big Chef,22.7014121,90.3603263,3.9,146.0,$$
834,‡¶Ü‡¶≤‡ßç‡¶≤‡¶æ‡¶∞ ‡¶¶‡¶æ‡¶® ‡¶π‡ßã‡¶ü‡ßá‡¶≤ ‡¶è‡¶®‡ßç‡¶° ‡¶∞‡ßá‡¶∏‡ßç‡¶ü‡ßÅ‡¶∞‡ßá‡¶®‡ßç‡¶ü‡ßá,22.7011808,90.36037499999999,5.0,2.0,
835,Hungry Bird,22.70118189999999,90.3604477,4.5,6.0,
836,Riyaz Tea Corner,22.6944892,90.3540067,4.3,8.0,
837,Kabir Nasta Ghor,22.7074212,90.35183029999999,5.0,1.0,
838,‡¶∏‡ßå‡¶∞‡¶≠ ‡¶π‡ßã‡¶ü‡ßá‡¶≤ ‡¶è‡¶®‡ßç‡¶° ‡¶∞‡ßá‡¶∏‡ßç‡¶ü‡ßÅ‡¶∞‡ßá‡¶®‡ßç‡¶ü,22.7078114,90.3534863,,,
839,‡¶∂‡¶æ‡¶π‡¶ø‡¶® ‡¶≠‡¶æ‡¶á‡ßü‡ßá‡¶∞ ‡¶ö‡¶æ‡ßü‡ßá‡¶∞ ‡¶¶‡ßã‡¶ï‡¶æ‡¶®,22.7078119,90.35255289999999,,,
